[{
  "_id": {
    "$oid": "5fbf7457afe6b10be0904322"
  },
  "taxPrice": 108,
  "shippingPrice": 0,
  "totalPrice": 707.99,
  "isPaid": true,
  "isDelivered": true,
  "orderItems": [
    {
      "_id": {
        "$oid": "5fbf7457afe6b10be0904323"
      },
      "name": "iPhone 11 Pro 256GB Memory",
      "image": "/images/phone.jpg",
      "price": 599.99,
      "qty": 2,
      "product": {
        "$oid": "5fb2b440c6a1fc2de4499db1"
      }
    }
  ],
  "user": {
    "$oid": "5fb2b440c6a1fc2de4499dae"
  },
  "shippingAddress": {
    "address": "anekal",
    "city": "banglore",
    "postalCode": "562106",
    "country": "India"
  },
  "paymentMethod": "Paypal",
  "createdAt": {
    "$date": "2020-11-26T09:24:40.009Z"
  },
  "updatedAt": {
    "$date": "2020-11-28T21:02:10.546Z"
  },
  "paidAt": {
    "$date": "2020-11-26T09:25:50.102Z"
  },
  "paymentResult": {
    "id": "99A010954H5403831",
    "status": "COMPLETED",
    "update_time": "2020-11-26T09:25:49Z",
    "email_address": "sb-fgn2k3860151@personal.example.com"
  },
  "deliveredAt": {
    "$date": "2020-11-28T21:02:10.540Z"
  }
},{
  "_id": {
    "$oid": "5fbf745bafe6b10be0904324"
  },
  "taxPrice": 108,
  "shippingPrice": 0,
  "totalPrice": 707.99,
  "isPaid": false,
  "isDelivered": false,
  "orderItems": [
    {
      "_id": {
        "$oid": "5fbf745bafe6b10be0904325"
      },
      "name": "iPhone 11 Pro 256GB Memory",
      "image": "/images/phone.jpg",
      "price": 599.99,
      "qty": 2,
      "product": {
        "$oid": "5fb2b440c6a1fc2de4499db1"
      }
    }
  ],
  "user": {
    "$oid": "5fb2b440c6a1fc2de4499dae"
  },
  "shippingAddress": {
    "address": "anekal",
    "city": "banglore",
    "postalCode": "562106",
    "country": "India"
  },
  "paymentMethod": "Paypal",
  "createdAt": {
    "$date": "2020-11-26T09:24:43.249Z"
  },
  "updatedAt": {
    "$date": "2020-11-26T09:24:43.249Z"
  }
},{
  "_id": {
    "$oid": "5fc0df2b1c51ac2c3ca00eb2"
  },
  "taxPrice": 108,
  "shippingPrice": 0,
  "totalPrice": 707.99,
  "isPaid": true,
  "isDelivered": true,
  "orderItems": [
    {
      "_id": {
        "$oid": "5fc0df2b1c51ac2c3ca00eb3"
      },
      "name": "iPhone 11 Pro 256GB Memory",
      "image": "/images/phone.jpg",
      "price": 599.99,
      "qty": 2,
      "product": {
        "$oid": "5fb2b440c6a1fc2de4499db1"
      }
    }
  ],
  "user": {
    "$oid": "5fb2b440c6a1fc2de4499dad"
  },
  "shippingAddress": {
    "address": "anekal",
    "city": "banglore",
    "postalCode": "562106",
    "country": "India"
  },
  "paymentMethod": "Paypal",
  "createdAt": {
    "$date": "2020-11-27T11:12:43.305Z"
  },
  "updatedAt": {
    "$date": "2020-12-07T19:00:18.985Z"
  },
  "paidAt": {
    "$date": "2020-11-27T11:14:29.395Z"
  },
  "paymentResult": {
    "id": "4LY74309G9902421L",
    "status": "COMPLETED",
    "update_time": "2020-11-27T11:14:28Z",
    "email_address": "sb-fgn2k3860151@personal.example.com"
  },
  "deliveredAt": {
    "$date": "2020-12-07T19:00:18.979Z"
  }
},{
  "_id": {
    "$oid": "5fc0df2e1c51ac2c3ca00eb4"
  },
  "taxPrice": 108,
  "shippingPrice": 0,
  "totalPrice": 707.99,
  "isPaid": false,
  "isDelivered": false,
  "orderItems": [
    {
      "_id": {
        "$oid": "5fc0df2e1c51ac2c3ca00eb5"
      },
      "name": "iPhone 11 Pro 256GB Memory",
      "image": "/images/phone.jpg",
      "price": 599.99,
      "qty": 2,
      "product": {
        "$oid": "5fb2b440c6a1fc2de4499db1"
      }
    }
  ],
  "user": {
    "$oid": "5fb2b440c6a1fc2de4499dad"
  },
  "shippingAddress": {
    "address": "anekal",
    "city": "banglore",
    "postalCode": "562106",
    "country": "India"
  },
  "paymentMethod": "Paypal",
  "createdAt": {
    "$date": "2020-11-27T11:12:46.264Z"
  },
  "updatedAt": {
    "$date": "2020-11-27T11:12:46.264Z"
  }
},{
  "_id": {
    "$oid": "5fc152f95d2a830994ba00eb"
  },
  "taxPrice": 108,
  "shippingPrice": 0,
  "totalPrice": 707.99,
  "isPaid": true,
  "isDelivered": false,
  "orderItems": [
    {
      "_id": {
        "$oid": "5fc152f95d2a830994ba00ec"
      },
      "name": "iPhone 11 Pro 256GB Memory",
      "image": "/images/phone.jpg",
      "price": 599.99,
      "qty": 1,
      "product": {
        "$oid": "5fc147f66736212810dad543"
      }
    }
  ],
  "user": {
    "$oid": "5fc147f66736212810dad540"
  },
  "shippingAddress": {
    "address": "anekal",
    "city": "banglore",
    "postalCode": "562106",
    "country": "India"
  },
  "paymentMethod": "Paypal",
  "createdAt": {
    "$date": "2020-11-27T19:26:49.032Z"
  },
  "updatedAt": {
    "$date": "2020-12-07T19:02:17.037Z"
  },
  "paidAt": {
    "$date": "2020-12-07T19:02:17.035Z"
  },
  "paymentResult": {
    "id": "7BJ88535UK1619110",
    "status": "COMPLETED",
    "update_time": "2020-12-07T19:02:16Z",
    "email_address": "sb-fgn2k3860151@personal.example.com"
  }
},{
  "_id": {
    "$oid": "5fc152fb5d2a830994ba00ed"
  },
  "taxPrice": 108,
  "shippingPrice": 0,
  "totalPrice": 707.99,
  "isPaid": false,
  "isDelivered": true,
  "orderItems": [
    {
      "_id": {
        "$oid": "5fc152fb5d2a830994ba00ee"
      },
      "name": "iPhone 11 Pro 256GB Memory",
      "image": "/images/phone.jpg",
      "price": 599.99,
      "qty": 1,
      "product": {
        "$oid": "5fc147f66736212810dad543"
      }
    }
  ],
  "user": {
    "$oid": "5fc147f66736212810dad540"
  },
  "shippingAddress": {
    "address": "anekal",
    "city": "banglore",
    "postalCode": "562106",
    "country": "India"
  },
  "paymentMethod": "Paypal",
  "createdAt": {
    "$date": "2020-11-27T19:26:51.488Z"
  },
  "updatedAt": {
    "$date": "2020-12-07T13:26:29.492Z"
  },
  "deliveredAt": {
    "$date": "2020-12-07T13:26:29.491Z"
  }
},{
  "_id": {
    "$oid": "5fc1fc1dc355a71f28eabce5"
  },
  "taxPrice": 167.4,
  "shippingPrice": 0,
  "totalPrice": 1097.39,
  "isPaid": true,
  "isDelivered": true,
  "orderItems": [
    {
      "_id": {
        "$oid": "5fc1fc1dc355a71f28eabce6"
      },
      "name": "Cannon EOS 80D DSLR Camera",
      "image": "/images/camera.jpg",
      "price": 929.99,
      "qty": 1,
      "product": {
        "$oid": "5fc147f66736212810dad544"
      }
    }
  ],
  "user": {
    "$oid": "5fc147f66736212810dad53f"
  },
  "shippingAddress": {
    "address": "anekal",
    "city": "banglore",
    "postalCode": "562106",
    "country": "India"
  },
  "paymentMethod": "Paypal",
  "createdAt": {
    "$date": "2020-11-28T07:28:29.948Z"
  },
  "updatedAt": {
    "$date": "2020-12-08T09:25:54.259Z"
  },
  "paidAt": {
    "$date": "2020-11-28T07:32:11.581Z"
  },
  "paymentResult": {
    "id": "17B15159NJ403794V",
    "status": "COMPLETED",
    "update_time": "2020-11-28T07:32:10Z",
    "email_address": "sb-fgn2k3860151@personal.example.com"
  },
  "deliveredAt": {
    "$date": "2020-12-08T09:25:54.257Z"
  }
},{
  "_id": {
    "$oid": "5fc1fc20c355a71f28eabce7"
  },
  "taxPrice": 167.4,
  "shippingPrice": 0,
  "totalPrice": 1097.39,
  "isPaid": false,
  "isDelivered": false,
  "orderItems": [
    {
      "_id": {
        "$oid": "5fc1fc20c355a71f28eabce8"
      },
      "name": "Cannon EOS 80D DSLR Camera",
      "image": "/images/camera.jpg",
      "price": 929.99,
      "qty": 1,
      "product": {
        "$oid": "5fc147f66736212810dad544"
      }
    }
  ],
  "user": {
    "$oid": "5fc147f66736212810dad53f"
  },
  "shippingAddress": {
    "address": "anekal",
    "city": "banglore",
    "postalCode": "562106",
    "country": "India"
  },
  "paymentMethod": "Paypal",
  "createdAt": {
    "$date": "2020-11-28T07:28:32.032Z"
  },
  "updatedAt": {
    "$date": "2020-11-28T07:28:32.032Z"
  }
},{
  "_id": {
    "$oid": "5fc351d921b3c22ea0e5cf47"
  },
  "taxPrice": 16.2,
  "shippingPrice": 2.6996999999999995,
  "totalPrice": 108.88969999999999,
  "isPaid": false,
  "isDelivered": false,
  "orderItems": [
    {
      "_id": {
        "$oid": "5fc351d921b3c22ea0e5cf48"
      },
      "name": "Airpods Wireless Bluetooth Headphones",
      "image": "/images/airpods.jpg",
      "price": 89.99,
      "qty": 1,
      "product": {
        "$oid": "5fc147f66736212810dad542"
      }
    }
  ],
  "user": {
    "$oid": "5fc147f66736212810dad53f"
  },
  "shippingAddress": {
    "address": "anekal",
    "city": "banglore",
    "postalCode": "562106",
    "country": "India"
  },
  "paymentMethod": "Paypal",
  "createdAt": {
    "$date": "2020-11-29T07:46:33.633Z"
  },
  "updatedAt": {
    "$date": "2020-11-29T07:46:33.633Z"
  }
},{
  "_id": {
    "$oid": "5fc351df21b3c22ea0e5cf49"
  },
  "taxPrice": 16.2,
  "shippingPrice": 2.6996999999999995,
  "totalPrice": 108.88969999999999,
  "isPaid": false,
  "isDelivered": false,
  "orderItems": [
    {
      "_id": {
        "$oid": "5fc351df21b3c22ea0e5cf4a"
      },
      "name": "Airpods Wireless Bluetooth Headphones",
      "image": "/images/airpods.jpg",
      "price": 89.99,
      "qty": 1,
      "product": {
        "$oid": "5fc147f66736212810dad542"
      }
    }
  ],
  "user": {
    "$oid": "5fc147f66736212810dad53f"
  },
  "shippingAddress": {
    "address": "anekal",
    "city": "banglore",
    "postalCode": "562106",
    "country": "India"
  },
  "paymentMethod": "Paypal",
  "createdAt": {
    "$date": "2020-11-29T07:46:39.745Z"
  },
  "updatedAt": {
    "$date": "2020-11-29T07:46:39.745Z"
  }
},{
  "_id": {
    "$oid": "5fce7b2c1499e32c44bdb907"
  },
  "taxPrice": 81,
  "shippingPrice": 0,
  "totalPrice": 530.98,
  "isPaid": false,
  "isDelivered": true,
  "orderItems": [
    {
      "_id": {
        "$oid": "5fce7b2c1499e32c44bdb908"
      },
      "name": "Sony Playstation 4 Pro White Version",
      "image": "/images/playstation.jpg",
      "price": 399.99,
      "qty": 1,
      "product": {
        "$oid": "5fc147f66736212810dad545"
      }
    },
    {
      "_id": {
        "$oid": "5fce7b2c1499e32c44bdb909"
      },
      "name": "Logitech G-Series Gaming Mouse",
      "image": "/images/mouse.jpg",
      "price": 49.99,
      "qty": 1,
      "product": {
        "$oid": "5fc147f66736212810dad546"
      }
    }
  ],
  "user": {
    "$oid": "5fc147f66736212810dad53f"
  },
  "shippingAddress": {
    "address": "Anekal",
    "city": "Banglore",
    "postalCode": "562106",
    "country": "India"
  },
  "paymentMethod": "Paypal",
  "createdAt": {
    "$date": "2020-12-07T18:57:48.386Z"
  },
  "updatedAt": {
    "$date": "2020-12-07T18:59:51.655Z"
  },
  "deliveredAt": {
    "$date": "2020-12-07T18:59:51.649Z"
  }
},{
  "_id": {
    "$oid": "5fce7b2f1499e32c44bdb90a"
  },
  "taxPrice": 81,
  "shippingPrice": 0,
  "totalPrice": 530.98,
  "isPaid": false,
  "isDelivered": true,
  "orderItems": [
    {
      "_id": {
        "$oid": "5fce7b2f1499e32c44bdb90b"
      },
      "name": "Sony Playstation 4 Pro White Version",
      "image": "/images/playstation.jpg",
      "price": 399.99,
      "qty": 1,
      "product": {
        "$oid": "5fc147f66736212810dad545"
      }
    },
    {
      "_id": {
        "$oid": "5fce7b2f1499e32c44bdb90c"
      },
      "name": "Logitech G-Series Gaming Mouse",
      "image": "/images/mouse.jpg",
      "price": 49.99,
      "qty": 1,
      "product": {
        "$oid": "5fc147f66736212810dad546"
      }
    }
  ],
  "user": {
    "$oid": "5fc147f66736212810dad53f"
  },
  "shippingAddress": {
    "address": "Anekal",
    "city": "Banglore",
    "postalCode": "562106",
    "country": "India"
  },
  "paymentMethod": "Paypal",
  "createdAt": {
    "$date": "2020-12-07T18:57:51.801Z"
  },
  "updatedAt": {
    "$date": "2020-12-07T19:00:12.051Z"
  },
  "deliveredAt": {
    "$date": "2020-12-07T19:00:12.048Z"
  }
},{
  "_id": {
    "$oid": "5fcf456508a2030138028d04"
  },
  "taxPrice": 9,
  "shippingPrice": 1.4997,
  "totalPrice": 60.4897,
  "isPaid": false,
  "isDelivered": false,
  "orderItems": [
    {
      "_id": {
        "$oid": "5fcf456508a2030138028d05"
      },
      "name": "Logitech G-Series Gaming Mouse",
      "image": "/images/mouse.jpg",
      "price": 49.99,
      "qty": 3,
      "product": {
        "$oid": "5fc147f66736212810dad546"
      }
    }
  ],
  "user": {
    "$oid": "5fc147f66736212810dad53f"
  },
  "shippingAddress": {
    "address": "anekal",
    "city": "Banglore",
    "postalCode": "562106",
    "country": "India"
  },
  "paymentMethod": "Paypal",
  "createdAt": {
    "$date": "2020-12-08T09:20:37.747Z"
  },
  "updatedAt": {
    "$date": "2020-12-08T09:20:37.747Z"
  }
},{
  "_id": {
    "$oid": "5fcf456808a2030138028d06"
  },
  "taxPrice": 9,
  "shippingPrice": 1.4997,
  "totalPrice": 60.4897,
  "isPaid": false,
  "isDelivered": false,
  "orderItems": [
    {
      "_id": {
        "$oid": "5fcf456808a2030138028d07"
      },
      "name": "Logitech G-Series Gaming Mouse",
      "image": "/images/mouse.jpg",
      "price": 49.99,
      "qty": 3,
      "product": {
        "$oid": "5fc147f66736212810dad546"
      }
    }
  ],
  "user": {
    "$oid": "5fc147f66736212810dad53f"
  },
  "shippingAddress": {
    "address": "anekal",
    "city": "Banglore",
    "postalCode": "562106",
    "country": "India"
  },
  "paymentMethod": "Paypal",
  "createdAt": {
    "$date": "2020-12-08T09:20:40.509Z"
  },
  "updatedAt": {
    "$date": "2020-12-08T09:20:40.509Z"
  }
},{
  "_id": {
    "$oid": "5fcf45cd08a2030138028d08"
  },
  "taxPrice": 167.4,
  "shippingPrice": 0,
  "totalPrice": 1097.39,
  "isPaid": true,
  "isDelivered": false,
  "orderItems": [
    {
      "_id": {
        "$oid": "5fcf45cd08a2030138028d09"
      },
      "name": "Cannon EOS 80D DSLR Camera",
      "image": "/images/camera.jpg",
      "price": 929.99,
      "qty": 1,
      "product": {
        "$oid": "5fc147f66736212810dad544"
      }
    }
  ],
  "user": {
    "$oid": "5fc147f66736212810dad540"
  },
  "shippingAddress": {
    "address": "anekal",
    "city": "Banglore",
    "postalCode": "562106",
    "country": "India"
  },
  "paymentMethod": "Paypal",
  "createdAt": {
    "$date": "2020-12-08T09:22:21.330Z"
  },
  "updatedAt": {
    "$date": "2020-12-08T09:23:32.157Z"
  },
  "paidAt": {
    "$date": "2020-12-08T09:23:32.156Z"
  },
  "paymentResult": {
    "id": "0NJ12422LG8031919",
    "status": "COMPLETED",
    "update_time": "2020-12-08T09:23:31Z",
    "email_address": "sb-fgn2k3860151@personal.example.com"
  }
},{
  "_id": {
    "$oid": "5fcf45d108a2030138028d0a"
  },
  "taxPrice": 167.4,
  "shippingPrice": 0,
  "totalPrice": 1097.39,
  "isPaid": false,
  "isDelivered": false,
  "orderItems": [
    {
      "_id": {
        "$oid": "5fcf45d108a2030138028d0b"
      },
      "name": "Cannon EOS 80D DSLR Camera",
      "image": "/images/camera.jpg",
      "price": 929.99,
      "qty": 1,
      "product": {
        "$oid": "5fc147f66736212810dad544"
      }
    }
  ],
  "user": {
    "$oid": "5fc147f66736212810dad540"
  },
  "shippingAddress": {
    "address": "anekal",
    "city": "Banglore",
    "postalCode": "562106",
    "country": "India"
  },
  "paymentMethod": "Paypal",
  "createdAt": {
    "$date": "2020-12-08T09:22:25.805Z"
  },
  "updatedAt": {
    "$date": "2020-12-08T09:22:25.805Z"
  }
},{
  "_id": {
    "$oid": "5fcf7c62bd36ac19e064fbbd"
  },
  "taxPrice": 1980,
  "shippingPrice": 0,
  "totalPrice": 12980,
  "isPaid": false,
  "isDelivered": false,
  "orderItems": [
    {
      "_id": {
        "$oid": "5fcf7c62bd36ac19e064fbbe"
      },
      "name": "Logitech G-Series Gaming Mouse",
      "image": "/images/mouse.jpg",
      "price": 1000,
      "qty": 1,
      "product": {
        "$oid": "5fc147f66736212810dad546"
      }
    },
    {
      "_id": {
        "$oid": "5fcf7c62bd36ac19e064fbbf"
      },
      "name": "Airpods Wireless Bluetooth Headphones",
      "image": "/images/airpods.jpg",
      "price": 10000,
      "qty": 1,
      "product": {
        "$oid": "5fc147f66736212810dad542"
      }
    }
  ],
  "user": {
    "$oid": "5fcf7c16bd36ac19e064fbbc"
  },
  "shippingAddress": {
    "address": "jdfdjfhdkl",
    "city": "ndfgdf,",
    "postalCode": "577523",
    "country": "india"
  },
  "paymentMethod": "Paypal",
  "createdAt": {
    "$date": "2020-12-08T13:15:14.519Z"
  },
  "updatedAt": {
    "$date": "2020-12-08T13:15:14.519Z"
  }
},{
  "_id": {
    "$oid": "5fcf7c63bd36ac19e064fbc0"
  },
  "taxPrice": 1980,
  "shippingPrice": 0,
  "totalPrice": 12980,
  "isPaid": false,
  "isDelivered": false,
  "orderItems": [
    {
      "_id": {
        "$oid": "5fcf7c63bd36ac19e064fbc1"
      },
      "name": "Logitech G-Series Gaming Mouse",
      "image": "/images/mouse.jpg",
      "price": 1000,
      "qty": 1,
      "product": {
        "$oid": "5fc147f66736212810dad546"
      }
    },
    {
      "_id": {
        "$oid": "5fcf7c63bd36ac19e064fbc2"
      },
      "name": "Airpods Wireless Bluetooth Headphones",
      "image": "/images/airpods.jpg",
      "price": 10000,
      "qty": 1,
      "product": {
        "$oid": "5fc147f66736212810dad542"
      }
    }
  ],
  "user": {
    "$oid": "5fcf7c16bd36ac19e064fbbc"
  },
  "shippingAddress": {
    "address": "jdfdjfhdkl",
    "city": "ndfgdf,",
    "postalCode": "577523",
    "country": "india"
  },
  "paymentMethod": "Paypal",
  "createdAt": {
    "$date": "2020-12-08T13:15:15.248Z"
  },
  "updatedAt": {
    "$date": "2020-12-08T13:15:15.248Z"
  }
},{
  "_id": {
    "$oid": "5fcf7fc3bd36ac19e064fbc3"
  },
  "taxPrice": 1980,
  "shippingPrice": 0,
  "totalPrice": 12980,
  "isPaid": false,
  "isDelivered": false,
  "orderItems": [
    {
      "_id": {
        "$oid": "5fcf7fc3bd36ac19e064fbc4"
      },
      "name": "Logitech G-Series Gaming Mouse",
      "image": "/images/mouse.jpg",
      "price": 1000,
      "qty": 1,
      "product": {
        "$oid": "5fc147f66736212810dad546"
      }
    },
    {
      "_id": {
        "$oid": "5fcf7fc3bd36ac19e064fbc5"
      },
      "name": "Airpods Wireless Bluetooth Headphones",
      "image": "/images/airpods.jpg",
      "price": 10000,
      "qty": 1,
      "product": {
        "$oid": "5fc147f66736212810dad542"
      }
    }
  ],
  "user": {
    "$oid": "5fcf7c16bd36ac19e064fbbc"
  },
  "shippingAddress": {
    "address": "jdfdjfhdkl",
    "city": "ndfgdf,",
    "postalCode": "577523",
    "country": "india"
  },
  "paymentMethod": "Paypal",
  "createdAt": {
    "$date": "2020-12-08T13:29:39.149Z"
  },
  "updatedAt": {
    "$date": "2020-12-08T13:29:39.149Z"
  }
},{
  "_id": {
    "$oid": "5fcf7fc4bd36ac19e064fbc6"
  },
  "taxPrice": 1980,
  "shippingPrice": 0,
  "totalPrice": 12980,
  "isPaid": false,
  "isDelivered": false,
  "orderItems": [
    {
      "_id": {
        "$oid": "5fcf7fc4bd36ac19e064fbc7"
      },
      "name": "Logitech G-Series Gaming Mouse",
      "image": "/images/mouse.jpg",
      "price": 1000,
      "qty": 1,
      "product": {
        "$oid": "5fc147f66736212810dad546"
      }
    },
    {
      "_id": {
        "$oid": "5fcf7fc4bd36ac19e064fbc8"
      },
      "name": "Airpods Wireless Bluetooth Headphones",
      "image": "/images/airpods.jpg",
      "price": 10000,
      "qty": 1,
      "product": {
        "$oid": "5fc147f66736212810dad542"
      }
    }
  ],
  "user": {
    "$oid": "5fcf7c16bd36ac19e064fbbc"
  },
  "shippingAddress": {
    "address": "jdfdjfhdkl",
    "city": "ndfgdf,",
    "postalCode": "577523",
    "country": "india"
  },
  "paymentMethod": "Paypal",
  "createdAt": {
    "$date": "2020-12-08T13:29:40.881Z"
  },
  "updatedAt": {
    "$date": "2020-12-08T13:29:40.881Z"
  }
}]